CatSTR1FR;CatSTR1EN;CatSTR1;CatSTR2FR;CatSTR2EN;CatSTR2;DescriptionCatSTR2FR;DescriptionCatSTR2EN;DescriptionCatSTR2DE;CatGHG1FR;CatGHG2FR;Scope;CatBCA1FR;CatBCA2FR;CatISO1FR;CatISO2FR;GHGref;BCARef;ISORef;CatCUS1FR;CatCUS2FR
Achat de biens;Purchase of goods;🛍️;articles de sport;Sporting goods;🏀;Ensemble des équipements, vêtements et accessoires destinés à la pratique d’activités sportives, aussi bien pour les loisirs que pour la compétition. Cela inclut des articles variés comme les ballons, raquettes, équipements de protection (casques, genouillères), vêtements techniques (kimonos, maillots), ainsi que le matériel spécifique à certaines disciplines : équitation (selles, harnais), plongée (masques, bouteilles), gymnastique (agrès, tatamis) ou sports de glisse (skis, snowboard, planche à voile).;All equipment, clothing and accessories intended for sports activities, both for leisure and competition. This includes a variety of items such as balls, rackets, protective equipment (helmets, knee pads), technical clothing (kimonos, swimsuits), as well as equipment specific to certain disciplines: horse riding (saddles, harnesses), diving (masks, bottles), gymnastics (apparatus, tatamis) or board sports (skis, snowboards, windsurfing boards).;Alle Ausrüstungen, Kleidungsstücke und Zubehörteile für die Ausübung sportlicher Aktivitäten, sowohl in der Freizeit als auch im Wettkampf. Dazu gehören verschiedene Artikel wie Bälle, Schläger, Schutzausrüstung (Helme, Knieschoner), technische Bekleidung (Kimonos, Trikots) sowie die spezifische Ausrüstung für bestimmte Sportarten: Reiten (Sättel, Gurte), Tauchen (Masken, Flaschen), Turnen (Turngeräte, Tatami-Matten) oder Gleitsportarten (Skier, Snowboard, Windsurfing).;Autres émissions indirectes;Biens et services achetés;3;émissions indirectes associées aux produits achetés;achats de biens;autres émissions indirectes de ges;achats de produits ou services;LGHG23;LBCA24;LISO23;Achat de biens;articles de sport
Achat de biens;Purchase of goods;🛍️;bâtiments;Buildings;🏠;Cette catégorie regroupe l’acquisition, la construction et l’aménagement de bâtiments agricoles, industriels, de bureaux, de logements collectifs et de maisons individuelles. Elle inclut également les maisons éco-construites utilisant des matériaux naturels comme le bois, la paille ou la pierre. Sont aussi concernés les établissements de santé, les établissements d’enseignement, les infrastructures de loisirs et de commerce, ainsi que les garages, parkings et éléments de voirie comme les glissières de sécurité.;This category covers the acquisition, construction and fitting out of agricultural and industrial buildings, offices, collective housing and detached houses. It also includes eco-build houses using natural materials such as wood, straw or stone. Also included are health establishments, educational establishments, leisure and commercial facilities, as well as garages, car parks and road fixtures such as crash barriers.;Diese Kategorie umfasst den Erwerb, den Bau und die Einrichtung von landwirtschaftlichen Gebäuden, Industriegebäuden, Bürogebäuden, Mehrfamilienhäusern und Einfamilienhäusern. Sie umfasst auch ökologisch gebaute Häuser, bei denen natürliche Materialien wie Holz, Stroh oder Stein verwendet werden. Ebenfalls eingeschlossen sind Gesundheitseinrichtungen, Bildungseinrichtungen, Freizeit- und Handelseinrichtungen sowie Garagen, Parkplätze und Straßenelemente wie Leitplanken.;Autres émissions indirectes;Biens d'équipement;3;émissions indirectes associées aux produits achetés;immobilisations de biens;autres émissions indirectes de ges;immobilisations de biens;LGHG23;LBCA24;LISO23;Achat de biens;bâtiments
Achat de biens;Purchase of goods;🛍️;consommables de bureau;Office supplies;🖊️;Ensemble des articles de bureau destinés à un usage quotidien et nécessitant un renouvellement régulier. Cette catégorie inclut les consommables d’impression tels que les cartouches jet d’encre, les toners et les encres d’imprimerie, ainsi que les petites fournitures comme les stylos, blocs-notes, trombones, enveloppes et dossiers de classement.;All office supplies intended for daily use and requiring regular replacement. This category includes printing consumables such as inkjet cartridges, toners and printing inks, as well as small supplies such as pens, notepads, paper clips, envelopes and filing folders.;Alle Büroartikel, die für den täglichen Gebrauch bestimmt sind und regelmäßig erneuert werden müssen. Diese Kategorie umfasst Druckerverbrauchsmaterial wie Tintenstrahlpatronen, Toner und Druckertinte sowie Kleinmaterial wie Stifte, Notizblöcke, Büroklammern, Briefumschläge und Aktenordner.;Autres émissions indirectes;Biens et services achetés;3;émissions indirectes associées aux produits achetés;achats de biens;autres émissions indirectes de ges;achats de produits ou services;LGHG23;LBCA24;LISO23;Achat de biens;consommables de bureau
Achat de biens;Purchase of goods;🛍️;consommation d'eau;Water consumption;🚰;Utilisation de l'eau dans divers contextes, qu'il s'agisse de l'eau potable pour les besoins domestiques, de l'eau utilisée dans des processus industriels, ou de l'irrigation agricole. Elle inclut la consommation d'eau par les ménages (eau de cuisine, douches, lessive), ainsi que l'utilisation par des infrastructures et installations professionnelles.;Use of water in various contexts, whether drinking water for domestic needs, water used in industrial processes, or agricultural irrigation. It includes water consumption by households (cooking water, showers, laundry), as well as use by professional infrastructures and facilities.;Wassernutzung in verschiedenen Kontexten, von Trinkwasser für den häuslichen Bedarf über Wasser, das in industriellen Prozessen verwendet wird, bis hin zur Bewässerung in der Landwirtschaft. Sie umfasst den Wasserverbrauch von Haushalten (Wasser zum Kochen, Duschen, Waschen) sowie die Nutzung durch professionelle Infrastrukturen und Einrichtungen.;Autres émissions indirectes;Biens et services achetés;3;émissions indirectes associées aux produits achetés;achats de biens;autres émissions indirectes de ges;achats de produits ou services;LGHG23;LBCA24;LISO23;Achat de biens;consommation d'eau
achat de biens;Purchase of goods;🛍️;electroménager;Household appliances;🍳;;;;Autres émissions indirectes;Biens d'équipement;3;émissions indirectes associées aux produits achetés;immobilisations de biens;autres émissions indirectes de ges;immobilisations de biens;LGHG23;LBCA24;LISO23;Achat de biens;electroménager
achat de biens;Purchase of goods;🛍️;equipements électriques;Electrical equipment;🔧;;;;Autres émissions indirectes;Biens d'équipement;3;émissions indirectes associées aux produits achetés;immobilisations de biens;autres émissions indirectes de ges;immobilisations de biens;LGHG23;LBCA24;LISO23;Achat de biens;machines et équipements
Achat de biens;Purchase of goods;🛍️;machines et équipements;Machinery and equipment;🏗️;Catégorie regroupant les machines d’usinage, d’assemblage et de fabrication, les équipements industriels, sanitaires, agricoles et viticoles, ainsi que les outils et accessoires associés. Cela inclut les presses, fraiseuses, robots industriels, tracteurs, moissonneuses, machines à vendanger, bouchons, tuyauterie capsules, caisses en bois et fils de palissage.;This category includes machining, assembly and manufacturing equipment, industrial, sanitary, agricultural and wine-growing equipment, as well as associated tools and accessories. This includes presses, milling machines, industrial robots, tractors, harvesters, grape harvesting machines, corks, piping, capsules, wooden boxes and trellising wire.;Kategorie, die Bearbeitungs-, Montage- und Fertigungsmaschinen, Ausrüstungen für Industrie, Gesundheitswesen, Landwirtschaft und Weinbau sowie zugehörige Werkzeuge und Zubehör umfasst. Dazu gehören Pressen, Fräsmaschinen, Industrieroboter, Traktoren, Erntemaschinen, Weinlesemaschinen, Korken, Kapselrohre, Holzkisten und Spalierdrähte.;Autres émissions indirectes;Biens d'équipement;3;émissions indirectes associées aux produits achetés;immobilisations de biens;autres émissions indirectes de ges;immobilisations de biens;LGHG23;LBCA24;LISO23;Achat de biens;machines et équipements
Achat de biens;Purchase of goods;🛍️;mobilier;Furniture;🪑;Meubles destinés à l’aménagement d’espaces intérieurs et extérieurs, incluant armoires, bureaux, cadres de lit, canapés, chaises, tables, matelas, sommiers et salons de jardin. Cette catégorie couvre le mobilier de bureau, de maison et d’extérieur, utilisé pour le confort, le rangement et la fonctionnalité des espaces.;Furniture for interior and exterior spaces, including wardrobes, desks, bed frames, sofas, chairs, tables, mattresses, box springs and garden furniture. This category covers office, home and outdoor furniture used for comfort, storage and functionality.;Möbel für die Einrichtung von Innen- und Außenbereichen, einschließlich Schränke, Schreibtische, Bettgestelle, Sofas, Stühle, Tische, Matratzen, Lattenroste und Gartenmöbel. Diese Kategorie umfasst Büro-, Wohn- und Außenmöbel, die für den Komfort, die Aufbewahrung und die Funktionalität von Räumen verwendet werden.;Autres émissions indirectes;Biens d'équipement;3;émissions indirectes associées aux produits achetés;achats de biens;autres émissions indirectes de ges;immobilisations de biens;LGHG23;LBCA24;LISO23;Achat de biens;meubles
Achat de biens;Purchase of goods;🛍️;textile et habillement;Textiles and clothing;👕;Vêtements et accessoires utilisés au quotidien ou dans un cadre professionnel. Cette catégorie inclut les vêtements de ville comme les manteaux, chemises, polos, sweats, vestes, jeans, t-shirts, robes et pulls, ainsi que les équipements professionnels et de protection comme les chaussures de sécurité, combinaisons de travail et gilets haute visibilité. Elle couvre également les étapes de transformation du cuir comme le tannage, le ponçage et le laquage.;Clothing and accessories used on a daily basis or in a professional context. This category includes street clothes such as coats, shirts, polo shirts, sweatshirts, jackets, jeans, T-shirts, dresses and jumpers, as well as professional and protective equipment such as safety shoes, overalls and high-visibility vests. It also covers the stages of leather processing such as tanning, sanding and lacquering.;Kleidung und Accessoires, die im Alltag oder bei der Arbeit verwendet werden. Diese Kategorie umfasst Straßenkleidung wie Mäntel, Hemden, Polos, Sweatshirts, Jacken, Jeans, T-Shirts, Kleider und Pullover sowie Berufs- und Schutzausrüstung wie Sicherheitsschuhe, Arbeitsanzüge und Warnwesten. Sie umfasst auch die Verarbeitungsstufen von Leder wie Gerben, Schleifen und Lackieren.;Autres émissions indirectes;Biens et services achetés;3;émissions indirectes associées aux produits achetés;achats de biens;autres émissions indirectes de ges;achats de produits ou services;LGHG23;LBCA24;LISO23;Achat de biens;textile et habillement
achat de biens;Purchase of goods;🛍️;véhicules;Vehicles;🚙;;;;Autres émissions indirectes;Biens et services achetés;3;émissions indirectes associées aux produits achetés;immobilisations de biens;autres émissions indirectes de ges;immobilisations de biens;LGHG23;LBCA24;LISO23;achat de biens;véhicules
achat de matériaux;Purchase of materials;🧱;matériaux de construction;Construction materials;🧱;;;;Autres émissions indirectes;Biens et services achetés;3;émissions indirectes associées aux produits achetés;immobilisations de biens;autres émissions indirectes de ges;achats de produits ou services;LGHG23;LBCA24;LISO23;achat de biens;achat de matériaux
achat de matériaux;Purchase of materials;🧱;organique;Organic materials;🌱;;;;Autres émissions indirectes;Biens et services achetés;3;émissions indirectes associées aux produits achetés;achats de biens;autres émissions indirectes de ges;achats de produits ou services;LGHG23;LBCA24;LISO23;achat de biens;achat de matériaux
achat de matériaux;Purchase of materials;🧱;papier et carton;Paper and cardboard;📦;;;;Autres émissions indirectes;Biens et services achetés;3;émissions indirectes associées aux produits achetés;achats de biens;autres émissions indirectes de ges;achats de produits ou services;LGHG23;LBCA24;LISO23;achat de biens;achat de matériaux
achat de matériaux;Purchase of materials;🧱;plastiques et caoutchouc;Plastics and rubber;🧴;;;;Autres émissions indirectes;Biens et services achetés;3;émissions indirectes associées aux produits achetés;achats de biens;autres émissions indirectes de ges;achats de produits ou services;LGHG23;LBCA24;LISO23;achat de biens;achat de matériaux
achat de matériaux;Purchase of materials;🧱;produits chimiques;Chemicals;⚗️;;;;Autres émissions indirectes;Biens et services achetés;3;émissions indirectes associées aux produits achetés;achats de biens;autres émissions indirectes de ges;achats de produits ou services;LGHG23;LBCA24;LISO23;achat de biens;achat de matériaux
achat de matériaux;Purchase of materials;🧱;réfrigérant et autres;Refrigerants and others;🧯;;;;Autres émissions indirectes;Biens et services achetés;3;émissions indirectes associées aux produits achetés;achats de biens;autres émissions indirectes de ges;achats de produits ou services;LGHG23;LBCA24;LISO23;achat de biens;achat de matériaux
achat de services;Purchase of services;🧑‍💻;location d'équipements;Equipment rental;📦;Location de divers types d'équipements pour des besoins temporaires. Elle inclut la mise à disposition de machines, d'outils, et d'équipements spécifiques, tels que des engins de chantier, des équipements informatiques, des appareils de levage, et des outils de travail spécialisés.;Rental of various types of equipment for temporary needs. This includes the provision of machinery, tools and specific equipment, such as construction machinery, computer equipment, lifting equipment and specialised work tools.;Vermietung verschiedener Arten von Geräten für den vorübergehenden Bedarf. Dazu gehört die Bereitstellung von Maschinen, Werkzeugen und speziellen Ausrüstungsgegenständen wie Baumaschinen, IT-Ausrüstung, Hebezeugen und speziellen Arbeitsgeräten.;Autres émissions indirectes;Actifs loués en amont;3;émissions indirectes associées aux produits achetés;actifs en leasing amont;autres émissions indirectes de ges;actifs en leasing amont;LGHG23;LBCA24;LISO23;achat de services;location d'équipements
achat de services;Purchase of services;🧑‍💻;location de bâtiments;Building rental;🏢;Location de divers types de bâtiments, tels que des bureaux, des espaces commerciaux, des logements, des entrepôts de stockage, ainsi que des espaces extérieurs.;Rental of various types of buildings, such as offices, commercial spaces, housing, storage warehouses, as well as outdoor spaces.;Vermietung verschiedener Arten von Gebäuden, z. B. Büros, Gewerbeflächen, Wohnungen, Lagerhallen sowie Außenflächen.;Autres émissions indirectes;Actifs loués en amont;3;émissions indirectes associées aux produits achetés;actifs en leasing amont;autres émissions indirectes de ges;actifs en leasing amont;LGHG23;LBCA24;LISO23;achat de services;location de bâtiments
achat de services;Purchase of services;🧑‍💻;location de meubles;Furniture rental;🛋️;Location de meubles pour des besoins temporaires, tels que l'aménagement d'espaces résidentiels, professionnels, ou événementiels. Elle inclut des articles comme des canapés, des tables, des chaises, des lits, et des armoires.;Rental of furniture for temporary needs, such as the furnishing of residential, professional or event spaces. It includes items such as sofas, tables, chairs, beds, and wardrobes.;Vermietung von Möbeln für den vorübergehenden Bedarf, z. B. für die Einrichtung von Wohn-, Geschäfts- oder Veranstaltungsräumen. Dazu gehören Gegenstände wie Sofas, Tische, Stühle, Betten und Schränke.;Autres émissions indirectes;Actifs loués en amont;3;émissions indirectes associées aux produits achetés;actifs en leasing amont;autres émissions indirectes de ges;actifs en leasing amont;LGHG23;LBCA24;LISO23;achat de services;location de meubles
achat de services;Purchase of services;🧑‍💻;Location et maintenance de véhicules;Vehicle rental and maintenance;🚗;Mise à disposition temporaire de véhicules motorisés, tels que des voitures, des camionnettes, des camions, ou des motos. Ainsi que maintenance et réparation des véhicules;Temporary provision of motor vehicles, such as cars, vans, lorries or motorbikes. As well as vehicle maintenance and repair;Zeitweilige Bereitstellung von Kraftfahrzeugen wie Autos, Lieferwagen, Lastwagen oder Motorrädern. Sowie Wartung und Reparatur der Fahrzeuge.;Autres émissions indirectes;Actifs loués en amont;3;émissions indirectes associées aux produits achetés;actifs en leasing amont;autres émissions indirectes de ges;actifs en leasing amont;LGHG23;LBCA24;LISO23;achat de services;Location et maintenance de véhicules
achat de services;Purchase of services;🧑‍💻;service d'information et culturels;Information and cultural services;📰;Accès à des ressources culturelles et économiques. Elle inclut les abonnements aux journaux, l'accès aux événements, les plateformes de contenu, ainsi que des informations professionnelles payantes pour les entreprises.;Access to cultural and economic resources. This includes newspaper subscriptions, access to events, content platforms and paid professional information for companies.;Zugang zu kulturellen und wirtschaftlichen Ressourcen. Dazu gehören Zeitungsabonnements, der Zugang zu Veranstaltungen, Inhaltsplattformen sowie kostenpflichtige Fachinformationen für Unternehmen.;Autres émissions indirectes;Biens et services achetés;3;émissions indirectes associées aux produits achetés;achats de services;autres émissions indirectes de ges;achats de produits ou services;LGHG23;LBCA24;LISO23;achat de services;service d'information et culturels
achat de services;Purchase of services;🧑‍💻;service de restauration;Catering services;🍽️;Services de restauration collective, les traiteurs, les cantines, les repas au restaurant, les distributeurs automatiques ainsi que la fourniture de repas lors d'événements ou en entreprise.;Catering services, including restaurants, canteens, vending machines and the provision of meals at events or in companies.;Catering-Dienstleistungen, Caterer, Kantinen, Essen im Restaurant, Verkaufsautomaten sowie die Bereitstellung von Mahlzeiten bei Veranstaltungen oder in Unternehmen.;Autres émissions indirectes;Biens et services achetés;3;émissions indirectes associées aux produits achetés;achats de services;autres émissions indirectes de ges;achats de produits ou services;LGHG23;LBCA24;LISO23;achat de services;service de restauration
Achat de services;Purchase of services;🧑‍💻;service de santé;Health services;🩺;;;;Autres émissions indirectes;Biens et services achetés;3;émissions indirectes associées aux produits achetés;achats de services;autres émissions indirectes de ges;achats de produits ou services;LGHG23;LBCA24;LISO23;Achat de services;services techniques
achat de services;Purchase of services;🧑‍💻;service spécialisé d'artisan;Specialized craft services;🛠️;Prestations techniques réalisées par des artisans qualifiés dans le cadre de travaux de construction, de rénovation ou de maintenance. Cette catégorie couvre les interventions en électricité, plomberie, chauffage, menuiserie, serrurerie, vitrerie, peinture, pose de revêtements de sol, installation de cloisons et mise en place d’équipements sur-mesure.;Technical services provided by qualified tradespeople as part of construction, renovation or maintenance work. This category covers work in electricity, plumbing, heating, carpentry, locksmithing, glazing, painting, laying of floor coverings, installation of partitions and installation of custom-made equipment.;Technische Dienstleistungen, die von qualifizierten Handwerkern im Rahmen von Bau-, Renovierungs- oder Wartungsarbeiten erbracht werden. Diese Kategorie umfasst Arbeiten in den Bereichen Elektrizität, Sanitär, Heizung, Tischlerei, Schlosserei, Glaserei, Malerei, Verlegen von Bodenbelägen, Einziehen von Trennwänden und Einbau von maßgefertigten Geräten.;Autres émissions indirectes;Biens et services achetés;3;émissions indirectes associées aux produits achetés;achats de services;autres émissions indirectes de ges;achats de produits ou services;LGHG23;LBCA24;LISO23;achat de services;service spécialisé d'artisan
achat de services;Purchase of services;🧑‍💻;services administratifs / conseil;Administrative / consulting services;🏛️;Services de support administratif et de conseil, incluant le consulting général, les services financiers et d'assurances, les services postaux et de télécommunications, ainsi que les services de ressources humaines.;Administrative support and consultancy services, including general consulting, financial and insurance services, postal and telecommunications services, and human resources services.;Dienstleistungen zur Unterstützung von Verwaltung und Beratung, einschließlich allgemeiner Beratung, Finanz- und Versicherungsdienstleistungen, Post- und Telekommunikationsdienstleistungen sowie Personaldienstleistungen.;Autres émissions indirectes;Biens et services achetés;3;émissions indirectes associées aux produits achetés;achats de services;autres émissions indirectes de ges;achats de produits ou services;LGHG23;LBCA24;LISO23;achat de services;services administratifs / conseil
achat de services;Purchase of services;🧑‍💻;services de nettoyage;Cleaning services;🧼;Services de nettoyage destinés aux espaces professionnels, industriels, et résidentiels. Elle inclut des activités telles que le nettoyage de bureaux, d'usines, de bâtiments publics, ainsi que le nettoyage spécialisé pour des événements ou des situations spécifiques.;Cleaning services for professional, industrial and residential spaces. This includes activities such as cleaning offices, factories and public buildings, as well as specialised cleaning for events or specific situations.;Reinigungsdienstleistungen, die auf Geschäfts-, Industrie- und Wohnräume ausgerichtet sind. Dazu gehören Tätigkeiten wie die Reinigung von Büros, Fabriken und öffentlichen Gebäuden sowie Spezialreinigungsdienste für bestimmte Ereignisse oder Situationen.;Autres émissions indirectes;Biens et services achetés;3;émissions indirectes associées aux produits achetés;achats de services;autres émissions indirectes de ges;achats de produits ou services;LGHG23;LBCA24;LISO23;achat de services;services de nettoyage
achat de services;Purchase of services;🧑‍💻;Services informatiques;IT services;💻;Prestations de maintenance, support et développement IT, incluant la gestion des systèmes, la réparation des infrastructures, le développement de solutions sur mesure et la mise en place de services cloud. Cette catégorie couvre également les transactions logicielles, requêtes internet, envois de mails et activités liées à l’usage du web.;Maintenance services, IT support and development, including systems management, infrastructure repair, the development of customised solutions and the implementation of cloud services. This category also covers software transactions, internet queries, emailing and web-related activities.;IT-Wartung, -Support und -Entwicklung, einschließlich Systemmanagement, Reparaturen an der Infrastruktur, Entwicklung maßgeschneiderter Lösungen und Bereitstellung von Cloud-Diensten. Diese Kategorie umfasst auch Softwaretransaktionen, Internetanfragen, E-Mail-Versand und Aktivitäten im Zusammenhang mit der Nutzung des Internets.;Autres émissions indirectes;Biens et services achetés;3;émissions indirectes associées aux produits achetés;achats de services;autres émissions indirectes de ges;achats de produits ou services;LGHG23;LBCA24;LISO23;achat de services;maintenance et service informatique
achat de services;Purchase of services;🧑‍💻;services logistiques;Logistics services;🚛;Services assurant la gestion et l’organisation des flux de marchandises, incluant le transport, le stockage, la gestion des entrepôts, la distribution et la coordination des livraisons. Cette catégorie couvre également les prestations liées à la sécurité logistique et à la circulation des marchandises.;Services ensuring the management and organisation of the flow of goods, including transport, storage, warehouse management, distribution and the coordination of deliveries. This category also covers services related to logistical security and the movement of goods.;Dienstleistungen, die den Warenfluss verwalten und organisieren, einschließlich Transport, Lagerung, Lagerverwaltung, Vertrieb und Koordination von Lieferungen. Diese Kategorie umfasst auch Dienstleistungen im Zusammenhang mit der logistischen Sicherheit und dem Warenverkehr.;Autres émissions indirectes;Transport et distribution en amont;3;émissions indirectes associées au transport;transport de marchandise amont;autres émissions indirectes de ges;transport de marchandise amont;LGHG23;LBCA23;LISO23;achat de services;services logistiques
achat de services;Purchase of services;🧑‍💻;services marketing / publicité;Marketing / advertising services;📢;Services destinés à promouvoir des produits, des marques ou des entreprises. Elle inclut des activités telles que la création de campagnes publicitaires, la gestion des réseaux sociaux, les études de marché, et la stratégie marketing. Ces services visent à accroître la visibilité, attirer des clients, et améliorer l'image de marque auprès du public cible.;Services intended to promote products, brands or companies. This includes activities such as the creation of advertising campaigns, social media management, market research and marketing strategy. These services aim to increase visibility, attract customers and improve brand image among the target audience.;Dienstleistungen zur Förderung von Produkten, Marken oder Unternehmen. Hierzu gehören Tätigkeiten wie die Erstellung von Werbekampagnen, die Verwaltung sozialer Netzwerke, Marktforschung und Marketingstrategien. Diese Dienstleistungen zielen darauf ab, die Sichtbarkeit zu erhöhen, Kunden anzuziehen und das Markenimage bei der Zielgruppe zu verbessern.;Autres émissions indirectes;Biens et services achetés;3;émissions indirectes associées aux produits achetés;achats de services;autres émissions indirectes de ges;achats de produits ou services;LGHG23;LBCA24;LISO23;achat de services;services marketing / publicité
Achat de services;Purchase of services;🧑‍💻;services techniques;Technical services;⚙️;Prestations spécialisées de maintenance, contrôle et optimisation des équipements industriels, bâtiments et mécaniques. Cette catégorie inclut le dépannage, le support sur site, la maintenance multi technique, les diagnostics, expertises, audits et l’installation d’équipements spécifiques.;Specialised maintenance, control and optimisation services for industrial and mechanical equipment. This category includes repair, on-site support, multi-technical maintenance, diagnostics, appraisals, audits and the installation of specific equipment.;Spezialisierte Dienstleistungen zur Wartung, Kontrolle und Optimierung von industriellen und mechanischen Anlagen. Diese Kategorie umfasst Fehlerbehebung, Vor-Ort-Support, multitechnische Wartung, Diagnosen, Gutachten, Audits und die Installation von Spezialausrüstungen.;Autres émissions indirectes;Biens et services achetés;3;émissions indirectes associées aux produits achetés;achats de services;autres émissions indirectes de ges;achats de produits ou services;LGHG23;LBCA24;LISO23;Achat de services;services techniques
Alimentation & boissons;Food & beverages;🍎;Boissons alcoolisées;Alcoholic beverages;🍷;Boissons alcoolisées comprenant la bière, les bouteilles de bière, les vins, les grands vins, le champagne.;Alcoholic beverages including beer, bottles of beer, wines, fine wines and champagne.;Alkoholische Getränke einschließlich Bier, Bierflaschen, Wein, Spitzenweine, Champagner.;Autres émissions indirectes;Utilisation des produits vendus;3;émissions indirectes associées aux produits vendus;utilisation des produits vendus;autres émissions indirectes de ges;utilisation des produits vendus;LGHG23;LBCA25;LISO23;Alimentation & boissons;Boissons alcoolisées
Alimentation & boissons;Food & beverages;🍎;boissons sans alcool;Non-alcoholic beverages;🥤;Boissons non alcoolisées comme café, le thé, l'eau minérale, le jus d'orange, les sodas, et l'eau.;Non-alcoholic beverages such as coffee, tea, mineral water, orange juice, soft drinks and water.;Alkoholfreie Getränke wie Kaffee, Tee, Mineralwasser, Orangensaft, Limonaden und Wasser.;Autres émissions indirectes;Utilisation des produits vendus;3;émissions indirectes associées aux produits vendus;utilisation des produits vendus;autres émissions indirectes de ges;utilisation des produits vendus;LGHG23;LBCA25;LISO23;Alimentation & boissons;boissons sans alcool
Alimentation & boissons;Food & beverages;🍎;condiments;Condiments;🧂;Ingrédients utilisés pour assaisonner, aromatiser ou accompagner les plats. Cette catégorie inclut les épices, herbes, sels, vinaigres, moutardes, olives, tapenades, sirops, levures, algues, sons, substituts de repas hypocaloriques et autres ingrédients divers.;Ingredients used to season, flavour or accompany dishes. This category includes spices, herbs, salts, vinegars, mustards, olives, tapenades, syrups, yeasts, seaweed, bran, low-calorie meal replacements and other various ingredients.;Zutaten, die zum Würzen, Aromatisieren oder Begleiten von Speisen verwendet werden. Diese Kategorie umfasst Gewürze, Kräuter, Salze, Essig, Senf, Oliven, Tapenaden, Sirupe, Hefe, Algen, Kleie, kalorienarme Mahlzeitenersatzprodukte und verschiedene andere Zutaten.;Autres émissions indirectes;Utilisation des produits vendus;3;émissions indirectes associées aux produits vendus;utilisation des produits vendus;autres émissions indirectes de ges;utilisation des produits vendus;LGHG23;LBCA25;LISO23;Alimentation & boissons;condiments
Alimentation & boissons;Food & beverages;🍎;desserts;Desserts;🍩;Variété de desserts, allant des pâtisseries classiques aux entremets gourmands. Elle inclut des préparations telles que des tartes, des gâteaux, des glaces, des mousses, et des desserts crémeux.;A variety of desserts, ranging from classic pastries to gourmet desserts. This includes preparations such as tarts, cakes, ice cream, mousses and creamy desserts.;Vielfalt an Desserts, von klassischem Gebäck bis hin zu Gourmet-Essen. Dazu gehören Zubereitungen wie Torten, Kuchen, Eis, Mousse und cremige Desserts.;Autres émissions indirectes;Utilisation des produits vendus;3;émissions indirectes associées aux produits vendus;utilisation des produits vendus;autres émissions indirectes de ges;utilisation des produits vendus;LGHG23;LBCA25;LISO23;Alimentation & boissons;desserts
Alimentation & boissons;Food & beverages;🍎;fruits & légumes;Fruits and vegetables;🍎;Ensemble des fruits, légumes, légumineuses, tubercules et produits végétaux bruts ou transformés. Cette catégorie couvre une large variété de produits frais, secs ou préparés, incluant fruits de saison, légumes racines, légumineuses, fruits à coque, céréales et algues. Ils sont destinés à l’alimentation humaine, à la transformation agroalimentaire ou à des usages spécifiques comme les cultures horticoles.;All fruits, vegetables, legumes, tubers and raw or processed plant products. This category covers a wide variety of fresh, dry or prepared products, including seasonal fruits, root vegetables, legumes, nuts, grains and seaweed. They are intended for human consumption, food processing or specific uses such as horticultural crops.;Alle rohen oder verarbeiteten Früchte, Gemüse, Hülsenfrüchte, Knollen und pflanzlichen Erzeugnisse. Diese Kategorie umfasst eine große Vielfalt an frischen, getrockneten oder zubereiteten Produkten, einschließlich Saisonfrüchten, Wurzelgemüse, Hülsenfrüchten, Nüssen, Getreide und Algen. Sie sind für die menschliche Ernährung, die Verarbeitung in der Lebensmittelindustrie oder für besondere Zwecke wie den Gartenbau bestimmt.;Autres émissions indirectes;Utilisation des produits vendus;3;émissions indirectes associées aux produits vendus;utilisation des produits vendus;autres émissions indirectes de ges;utilisation des produits vendus;LGHG23;LBCA25;LISO23;Alimentation & boissons;fruits & légumes
Alimentation & boissons;Food & beverages;🍎;matières grasses;Fats and oils;🧈;Ensemble des matières grasses d’origine animale et végétale, utilisées en cuisine ou en transformation agroalimentaire. Cela inclut les beurres, margarines, huiles végétales (olive, colza, tournesol, etc.), huiles de poisson, graisses animales (canard, oie, porc) et graisses végétales pour friture.;All fats of animal and vegetable origin, used in cooking or in food processing. This includes butters, margarines, vegetable oils (olive, rapeseed, sunflower, etc.), fish oils, animal fats (duck, goose, pork) and vegetable fats for frying.;Alle Fette tierischen und pflanzlichen Ursprungs, die in der Küche oder bei der Verarbeitung von Lebensmitteln verwendet werden. Dazu gehören Butter, Margarine, Pflanzenöle (Oliven-, Raps-, Sonnenblumen- usw.), Fischöl, tierische Fette (Ente, Gans, Schwein) und pflanzliche Frittierfette.;Autres émissions indirectes;Utilisation des produits vendus;3;émissions indirectes associées aux produits vendus;utilisation des produits vendus;autres émissions indirectes de ges;utilisation des produits vendus;LGHG23;LBCA25;LISO23;Alimentation & boissons;matières grasses
Alimentation & boissons;Food & beverages;🍎;Plats préparés / cuisinés;Prepared / cooked meals;🍛;Plats cuisinés en restauration, prêts à être servis immédiatement. Cela inclut des préparations comme la blanquette de veau, le couscous, les lasagnes, et le poulet frites. Contrairement aux plats emballés vendus en barquettes en supermarché, ces plats sont fraîchement préparés sur place pour être consommés sur le moment, offrant une expérience culinaire de qualité.;Ready-made meals in restaurants, ready to be served immediately. This includes dishes such as blanquette of veal, couscous, lasagne and chicken and chips. Unlike the packaged meals sold in trays in supermarkets, these dishes are freshly prepared on the premises to be eaten immediately, offering a quality culinary experience.;In der Gastronomie zubereitete Gerichte, die sofort serviert werden können. Dazu gehören Zubereitungen wie Kalbsblanquette, Couscous, Lasagne und Hähnchen mit Pommes frites. Im Gegensatz zu verpackten Gerichten, die in Schalen im Supermarkt verkauft werden, werden diese Gerichte vor Ort frisch zubereitet, um sofort verzehrt zu werden, und bieten ein hochwertiges kulinarisches Erlebnis.;Autres émissions indirectes;Utilisation des produits vendus;3;émissions indirectes associées aux produits vendus;utilisation des produits vendus;autres émissions indirectes de ges;utilisation des produits vendus;LGHG23;LBCA25;LISO23;Alimentation & boissons;Plats préparés / cuisinés
Alimentation & boissons;Food & beverages;🍎;produits animaux;Animal products;🥩;Cette catégorie regroupe les produits d'origine animale destinés à la consommation, à l'exception des produits laitiers. Elle inclut la viande (bovine, porcine, volaille, etc.), les œufs, les produits de la pêche (poissons, crustacés, mollusques) et les produits de la chasse.;This category includes animal products intended for consumption, with the exception of dairy products. It includes meat (bovine, porcine, poultry, etc.), eggs, fish and seafood (fish, crustaceans, molluscs) and game.;Diese Kategorie umfasst zum Verzehr bestimmte Produkte tierischen Ursprungs, mit Ausnahme von Milchprodukten. Sie umfasst Fleisch (Rind, Schwein, Geflügel usw.), Eier, Fischereierzeugnisse (Fisch, Krustentiere, Weichtiere) und Jagderzeugnisse.;Autres émissions indirectes;Utilisation des produits vendus;3;émissions indirectes associées aux produits vendus;utilisation des produits vendus;autres émissions indirectes de ges;utilisation des produits vendus;LGHG23;LBCA25;LISO23;Alimentation & boissons;produits animaux
alimentation & boissons;Food & beverages;🍎;produits céréaliers;Cereal products;🌾;;;;Autres émissions indirectes;Utilisation des produits vendus;3;émissions indirectes associées aux produits vendus;utilisation des produits vendus;autres émissions indirectes de ges;utilisation des produits vendus;LGHG23;LBCA25;LISO23;Alimentation & boissons;Snacks
alimentation & boissons;Food & beverages;🍎;produits laitiers;Dairy products;🥛;Cette catégorie regroupe les produits alimentaires dérivés du lait animal, principalement de vache, de chèvre et de brebis. Elle inclut le lait (entier, demi-écrémé, écrémé), les yaourts, les fromages, le beurre, la crème et les desserts lactés.;This category includes food products derived from animal milk, mainly from cows, goats and sheep. It includes milk (whole, semi-skimmed, skimmed), yoghurt, cheese, butter, cream and dairy desserts.;Diese Kategorie umfasst Lebensmittel, die aus Tiermilch, hauptsächlich von Kühen, Ziegen und Schafen, hergestellt werden. Sie umfasst Milch (Vollmilch, teilentrahmte Milch, Magermilch), Joghurt, Käse, Butter, Sahne und Milchdesserts.;Autres émissions indirectes;Utilisation des produits vendus;3;émissions indirectes associées aux produits vendus;utilisation des produits vendus;autres émissions indirectes de ges;utilisation des produits vendus;LGHG23;LBCA25;LISO23;alimentation & boissons;produits laitiers
chaleur et climatisation;Heating and air conditioning;❄️;chaleur et vapeur;Heat and steam;🌡️;;;;Émissions indirectes liées à l'énergie;Vapeur, chaleur et froid achetés et consommés;2;émissions indirectes associées à l'énergie;émissions indirectes liées à la consommation d'énergie autre que l'électricité;émissions de ges à énergie indirecte;émissions indirectes liées à la consommation de vapeur, chaleur ou froid;LGHG22;LBCA22;LISO22;énergie;chaleur et vapeur
chaleur et climatisation;Heating and air conditioning;❄️;climatisation et réfrigération;Air conditioning and refrigeration;❄️;Quantité d'énergie utilisée par divers systèmes de climatisation et réfrigération tels que les climatiseurs à air, à eau glacée, et les unités mobiles. Cela inclut également la consommation des systèmes de climatisation automobile, des modèles multisplits, des systèmes DRV, des unités de type armoire, des climatiseurs de fenêtre (window), et des rooftops. réfrigérateurs, congélateurs, chambres froides, ainsi que la réfrigération commerciale, industrielle, et celle utilisée pour le fret maritime et routier.;Quantity of energy used by various air conditioning and refrigeration systems such as air conditioners, chilled water units and mobile units. This also includes the consumption of automotive air conditioning systems, multisplit models, VRF systems, cabinet-type units, window air conditioners, and rooftops. refrigerators, freezers, cold rooms, as well as commercial and industrial refrigeration, and that used for sea and road freight.;Energiemenge, die von verschiedenen Klimaanlagen und Kühlsystemen wie Luftklimageräten, Eiswasserklimageräten und mobilen Geräten verbraucht wird. Dazu gehören auch der Verbrauch von Autoklimaanlagen, Multisplitmodellen, DRV-Systemen, Schrankgeräten, Fensterklimageräten und Rooftops. Kühlschränke, Gefrierschränke, Kühlräume sowie kommerzielle, industrielle und Seefracht- und Straßenkälte.;Émissions indirectes liées à l'énergie;Vapeur, chaleur et froid achetés et consommés;2;émissions indirectes associées à l'énergie;émissions indirectes liées à la consommation d'énergie autre que l'électricité;émissions de ges à énergie indirecte;émissions indirectes liées à la consommation de vapeur, chaleur ou froid;LGHG22;LBCA22;LISO22;énergie;climatisation
combustibles;Fuels;🛢️;fossiles;Fossil fuels;⛽;Cette catégorie englobe toutes les matières carbonées issues de la décomposition d'organismes vivants sur des millions d'années, extraites de la croûte terrestre et utilisées comme source d'énergie. Elle inclut le charbon, le pétrole brut, le gaz naturel et leurs dérivés, utilisés dans les secteurs industriels, résidentiels et commerciaux. Elle se différencie des autres catégories par sa portée globale et son origine géologique.;This category encompasses all carbon-based materials resulting from the decomposition of living organisms over millions of years, extracted from the earth's crust and used as a source of energy. It includes coal, crude oil, natural gas and their derivatives, used in the industrial, residential and commercial sectors. It differs from other categories in its global scope and geological origin.;Diese Kategorie umfasst alle kohlenstoffhaltigen Materialien, die im Laufe von Millionen von Jahren durch die Zersetzung lebender Organismen entstanden sind, aus der Erdkruste gewonnen und als Energiequelle genutzt werden. Sie umfasst Kohle, Rohöl, Erdgas und deren Derivate, die in der Industrie, in Privathaushalten und im gewerblichen Bereich verwendet werden. Sie unterscheidet sich von den anderen Kategorien durch ihre globale Reichweite und ihren geologischen Ursprung.;Émissions directes;Combustion stationnaire;1;émissions directes de ges;émissions directes des sources fixes de combustion;émissions directes de ges;émissions directes des sources fixes de combustion;LGHG21;LBCA21;LISO21;énergie;fossiles
combustibles;Fuels;🛢️;fossiles mobiles;Mobile fossil fuels;🚛;Cette sous-catégorie spécifique se concentre exclusivement sur les combustibles fossiles utilisés pour la propulsion de véhicules et d'engins mobiles, tels que l'essence, le diesel et le kérosène. Elle se distingue par son application dédiée au secteur du transport et par les informations relatives aux émissions des véhicules, à la consommation de carburant, aux technologies de moteurs et aux infrastructures de transport.;This specific sub-category focuses exclusively on fossil fuels used for the propulsion of vehicles and mobile machinery, such as petrol, diesel and kerosene. It is distinguished by its application to the transport sector and by information relating to vehicle emissions, fuel consumption, engine technologies and transport infrastructure.;Diese spezielle Unterkategorie konzentriert sich ausschließlich auf fossile Brennstoffe, die für den Antrieb von Fahrzeugen und mobilen Maschinen verwendet werden, wie Benzin, Diesel und Kerosin. Sie zeichnet sich durch ihre spezielle Anwendung im Verkehrssektor und durch Informationen zu Fahrzeugemissionen, Kraftstoffverbrauch, Motortechnologien und Verkehrsinfrastruktur aus.;Émissions directes;Combustion mobile;1;émissions directes de ges;émissions directes des sources mobiles de combustion;émissions directes de ges;émissions directes des sources mobiles à moteur thermique;LGHG21;LBCA21;LISO21;énergie;fossiles
combustibles;Fuels;🛢️;organiques;Organic fuels;🌿;Cette catégorie regroupe les matières carbonées d'origine biologique, issues de la biomasse végétale ou animale, et utilisées comme source d'énergie renouvelable. Elle inclut le bois, les déchets agricoles, les biocarburants et le biogaz. Elle se distingue des combustibles fossiles par son caractère renouvelable et son cycle de carbone plus court, ainsi que par les informations relatives à l'agriculture, à la foresterie et à la production de biocarburants.;This category covers carbon-based materials of biological origin, derived from plant or animal biomass, and used as a source of renewable energy. It includes wood, agricultural waste, biofuels and biogas. It differs from fossil fuels in that it is renewable and has a shorter carbon cycle, as well as information relating to agriculture, forestry and biofuel production.;Diese Kategorie umfasst kohlenstoffhaltige Materialien biologischen Ursprungs, die aus pflanzlicher oder tierischer Biomasse gewonnen und als erneuerbare Energiequelle genutzt werden. Sie umfasst Holz, landwirtschaftliche Abfälle, Biokraftstoffe und Biogas. Sie unterscheidet sich von fossilen Brennstoffen durch ihre Erneuerbarkeit und ihren kürzeren Kohlenstoffzyklus sowie durch Informationen über die Land- und Forstwirtschaft und die Herstellung von Biokraftstoffen.;Émissions directes;Combustion stationnaire;1;émissions directes de ges;émissions directes des sources fixes de combustion;émissions directes de ges;émissions directes des sources fixes de combustion;LGHG21;LBCA21;LISO21;énergie;organiques
combustibles;Fuels;🛢️;fossiles gazeux;Gaseous fossil fuels;💨;;;;Émissions directes;Combustion stationnaire;1;émissions directes de ges;émissions directes des sources fixes de combustion;émissions directes de ges;émissions directes des sources fixes de combustion;LGHG21;LBCA21;LISO21;énergie;fossiles
combustibles;Fuels;🛢️;fossiles liquides;Liquid fossil fuels;💧;;;;Émissions directes;Combustion stationnaire;1;émissions directes de ges;émissions directes des sources fixes de combustion;émissions directes de ges;émissions directes des sources fixes de combustion;LGHG21;LBCA21;LISO21;énergie;fossiles
combustibles;Fuels;🛢️;fossiles solides;Solid fossil fuels;🪨;;;;Émissions directes;Combustion stationnaire;1;émissions directes de ges;émissions directes des sources fixes de combustion;émissions directes de ges;émissions directes des sources fixes de combustion;LGHG21;LBCA21;LISO21;énergie;fossiles
mobilité (marchandises);Mobility (freight);🚛;aérien;Air transport;✈️;Déplacement de biens par voie aérienne, utilisant des avion-cargo ou la soute des avions commerciaux généralement utilisé pour des marchandises à haute valeur ajoutée ou nécessitant une livraison rapide, comme les produits frais, les équipements électroniques, ou des colis urgents.;Transport of goods by air, using cargo planes or the cargo hold of commercial aircraft. This mode of transport is generally used for goods with high added value or requiring fast delivery, such as fresh produce, electronic equipment or urgent parcels.;Transport von Gütern auf dem Luftweg, bei dem Frachtflugzeuge oder der Frachtraum von Verkehrsflugzeugen genutzt werden. Diese Transportart wird in der Regel für Güter verwendet, die einen hohen Mehrwert haben oder eine schnelle Lieferung erfordern, z. B. frische Lebensmittel, elektronische Geräte oder eilige Pakete.;Autres émissions indirectes;Transport et distribution en amont;3;émissions indirectes associées au transport;transport de marchandise amont;autres émissions indirectes de ges;transport de marchandise amont;LGHG23;LBCA23;LISO23;transport de marchandises;aérien
mobilité (marchandises);Mobility (freight);🚛;Bateau;Ship transport;⛴️;déplacement de biens par voies navigables, utilisant des barges (fluvial) ou des navires (maritime). Le transport fluvial est principalement utilisé pour des marchandises volumineuses sur des rivières ou canaux, tandis que le transport maritime permet l'acheminement de grandes quantités de marchandises, comme des conteneurs, du pétrole, ou des vracs solides, sur de longues distances à travers les océans;Transporting goods by waterways, using barges (inland waterways) or ships (maritime). Inland waterway transport is mainly used for bulky goods on rivers or canals, while maritime transport allows large quantities of goods, such as containers, oil, or solid bulk, to be transported over long distances across oceans.;Bewegung von Gütern auf Binnenwasserstraßen, wobei Lastkähne (Binnenschifffahrt) oder Schiffe (Seeverkehr) verwendet werden. Die Binnenschifffahrt wird hauptsächlich für sperrige Güter auf Flüssen oder Kanälen eingesetzt, während die Seeschifffahrt große Mengen an Gütern, wie Container, Öl oder feste Massengüter, über lange Strecken über die Ozeane transportiert.;Autres émissions indirectes;Transport et distribution en amont;3;émissions indirectes associées au transport;transport de marchandise amont;autres émissions indirectes de ges;transport de marchandise amont;LGHG23;LBCA23;LISO23;transport de marchandises;Bateau
mobilité (marchandises);Mobility (freight);🚛;Camion;Truck transport;🚚;Déplacement de biens par camions ou camionnettes sur le réseau routier. Ce mode de transport est souvent utilisé pour la distribution locale ou nationale, permettant de livrer des produits directement aux entreprises, entrepôts, ou points de vente;Moving goods by lorries or vans on the road network. This mode of transport is often used for local or national distribution, enabling products to be delivered directly to companies, warehouses or points of sale.;Transport von Gütern mit Lastwagen oder Kleintransportern auf dem Straßennetz. Diese Transportart wird häufig für den lokalen oder nationalen Vertrieb genutzt, um Waren direkt an Unternehmen, Lagerhäuser oder Verkaufsstellen zu liefern.;Autres émissions indirectes;Transport et distribution en amont;3;émissions indirectes associées au transport;transport de marchandise amont;autres émissions indirectes de ges;transport de marchandise amont;LGHG23;LBCA23;LISO23;transport de marchandises;Camion
mobilité (marchandises);Mobility (freight);🚛;combiné;Combined transport;🔄;Utilisation de plusieurs modes de transport pour l'acheminement de biens, tels que la combinaison du transport routier, ferroviaire, et maritime. Ce type de transport optimise l'efficacité logistique en tirant parti des avantages de chaque mode, réduisant les coûts et l'impact environnemental ;Using several modes of transport to transport goods, such as a combination of road, rail and sea transport. This type of transport optimises logistical efficiency by taking advantage of each mode, reducing costs and environmental impact ;Verwendung mehrerer Transportarten für die Beförderung von Gütern, wie z. B. die Kombination von Straßen-, Schienen- und Schiffstransport. Diese Art des Transports optimiert die logistische Effizienz, indem sie die Vorteile der einzelnen Verkehrsträger nutzt und so die Kosten und die Umweltbelastung senkt. ;Autres émissions indirectes;Transport et distribution en amont;3;émissions indirectes associées au transport;transport de marchandise amont;autres émissions indirectes de ges;transport de marchandise amont;LGHG23;LBCA23;LISO23;transport de marchandises;combiné
mobilité (marchandises);Mobility (freight);🚛;Train;Train transport;🚆;Déplacement de biens par voie de chemin de fer, utilisant des trains de fret. Ce mode de transport est privilégié pour des marchandises lourdes ou volumineuses, telles que les matières premières, les produits industriels, ou les produits agricoles, offrant une solution efficace et écologique sur de longues distances.;Moving goods by rail, using freight trains. This mode of transport is preferred for heavy or bulky goods, such as raw materials, industrial products, or agricultural products, offering an efficient and ecological solution over long distances.;Verlagerung von Gütern auf dem Schienenweg unter Verwendung von Güterzügen. Diese Transportart wird für schwere oder sperrige Güter wie Rohstoffe, Industrieprodukte oder landwirtschaftliche Erzeugnisse bevorzugt und bietet eine effiziente und umweltfreundliche Lösung für große Entfernungen.;Autres émissions indirectes;Transport et distribution en amont;3;émissions indirectes associées au transport;transport de marchandise amont;autres émissions indirectes de ges;transport de marchandise amont;LGHG23;LBCA23;LISO23;transport de marchandises;Train
mobilité (passagers);Mobility (passengers);💼;aérien;Air transport;✈️;Déplacement par voie aérienne de passagers, incluant des vols commerciaux en classes économique, business, et first, ainsi que des vols en hélicoptère. ;Passenger air travel, including commercial flights in economy, business and first class, as well as helicopter flights. ;Flugreisen von Passagieren, einschließlich gewerblicher Flüge in den Klassen Economy, Business und First sowie Flüge mit Hubschraubern. ;Autres émissions indirectes;Déplacements professionnels;3;émissions indirectes associées au transport;déplacements professionnels;autres émissions indirectes de ges;déplacements professionnels;LGHG23;LBCA23;LISO23;mobilité;aérien
mobilité (passagers);Mobility (passengers);💼;Autocar / Bus urbain;Coach / Urban bus;🚌;Déplacements de passagers sur le réseau routier bus, navettes, autocars interurbains.;Passenger transport on the road network by bus, shuttle and intercity coach.;Fahrgastbeförderung auf dem Straßennetz Busse, Shuttles, Überlandbusse.;Autres émissions indirectes;Déplacements professionnels;3;émissions indirectes associées au transport;déplacements professionnels;autres émissions indirectes de ges;déplacements professionnels;LGHG23;LBCA23;LISO23;mobilité;Autocar / Bus urbain
mobilité (passagers);Mobility (passengers);💼;Bateau;Ship transport;⛴️;Déplacement de passagers par voie navigable, incluant des bateaux de croisière, des ferries, des navettes fluviales, et des bateaux touristiques.;Passenger transport by inland waterway, including cruise ships, ferries, river shuttles and tourist boats.;Personenverkehr auf dem Wasserweg, einschließlich Kreuzfahrtschiffen, Fähren, Flusspendelverkehr und Touristenbooten.;Autres émissions indirectes;Déplacements professionnels;3;émissions indirectes associées au transport;déplacements professionnels;autres émissions indirectes de ges;déplacements professionnels;LGHG23;LBCA23;LISO23;mobilité;Bateau
mobilité (passagers);Mobility (passengers);💼;combiné;Combined transport;🔁;Utilisation de plusieurs modes de transport pour le déplacement des passagers: transport routier, ferroviaire, fluvial, ou aérien, offrant une solution flexible et efficace pour des trajets nécessitant différentes options de déplacement, optimisant ainsi le temps de trajet et les coûts.;Use of several modes of transport for passenger transport: road, rail, river or air transport, offering a flexible and efficient solution for journeys requiring different travel options, thus optimising travel time and costs.;Nutzung mehrerer Verkehrsträger für die Beförderung von Passagieren: Straßen-, Schienen-, Wasser- oder Luftverkehr, die eine flexible und effiziente Lösung für Strecken bieten, die verschiedene Reiseoptionen erfordern, und so die Reisezeit und die Kosten optimieren.;Autres émissions indirectes;Déplacements professionnels;3;émissions indirectes associées au transport;déplacements professionnels;autres émissions indirectes de ges;déplacements professionnels;LGHG23;LBCA23;LISO23;mobilité;transports publics
mobilité (passagers);Mobility (passengers);💼;E-Bike;E-Bike;🚴;Modes de déplacement respectueux de l'environnement de passagers, incluant les trottinettes et vélo électriques.;Environmentally friendly modes of passenger travel, including electric scooters and bicycles.;Umweltfreundliche Fortbewegungsarten für Passagiere, einschließlich Elektro-Roller und -Fahrräder.;Autres émissions indirectes;Déplacements professionnels;3;émissions indirectes associées au transport;déplacements professionnels;autres émissions indirectes de ges;déplacements professionnels;LGHG23;LBCA23;LISO23;mobilité;E-Bike
mobilité (passagers);Mobility (passengers);💼;Hébergement / Evènement;Accommodation / Events;🏨;Activités associées aux déplacements des passagers, telles que l'hébergement en hôtel, le télétravail, les visioconférences et la participation à des événements nécessitant l'achat d'un ticket d'entrée.;Activities associated with passenger transport, such as hotel accommodation, teleworking, videoconferencing and participation in events requiring the purchase of an admission ticket.;Aktivitäten im Zusammenhang mit Passagierreisen wie Hotelunterbringung, Telearbeit, Videokonferenzen und die Teilnahme an Veranstaltungen, für die Eintrittskarten gekauft werden müssen.;Autres émissions indirectes;Déplacements professionnels;3;émissions indirectes associées au transport;déplacements professionnels;autres émissions indirectes de ges;déplacements professionnels;LGHG23;LBCA23;LISO23;mobilité;Hébergement / Evènement
mobilité (passagers);Mobility (passengers);💼;mobilité douce;Soft mobility;🚶‍♂️;Modes de déplacement pour les passagers respectueux de l'environnement, incluant la marche, le vélo ainsi que les autres véhicules non motorisés en mobilité douce;Environmentally friendly modes of passenger transport, including walking, cycling and other non-motorised human-powered mobility vehicles;Umweltfreundliche Fortbewegungsarten für Passagiere, einschließlich Gehen, Radfahren und andere nicht motorisierte Fahrzeuge der sanften Mobilität;Autres émissions indirectes;Déplacements professionnels;3;émissions indirectes associées au transport;déplacements professionnels;autres émissions indirectes de ges;déplacements professionnels;LGHG23;LBCA23;LISO23;mobilité;A pied / vélo
mobilité (passagers);Mobility (passengers);💼;Moto/Scooter;Motorcycle / Scooter;🏍️;Déplacement des passagers sur le réseau routier en scooters et motos.;Passenger travel on the road network by scooter and motorbike.;Fortbewegung von Passagieren auf dem Straßennetz mit Motorrollern und Motorrädern.;Autres émissions indirectes;Déplacements professionnels;3;émissions indirectes associées au transport;déplacements professionnels;autres émissions indirectes de ges;déplacements professionnels;LGHG23;LBCA23;LISO23;mobilité;Moto/Scooter
mobilité (passagers);Mobility (passengers);💼;Train;Train transport;🚆;Déplacement de passagers par trains.;Passenger travel by train.;Beförderung von Passagieren mit Zügen.;Autres émissions indirectes;Déplacements professionnels;3;émissions indirectes associées au transport;déplacements professionnels;autres émissions indirectes de ges;déplacements professionnels;LGHG23;LBCA23;LISO23;mobilité;Train
mobilité (passagers);Mobility (passengers);💼;transports publics;Public transport;🚎;Déplacement de passagers utilisant des moyens de transport collectifs, tels que les bus, les métros, les tramways, et les trains.;Passenger transport using public transport, such as buses, underground trains, trams and trains.;Fahrgastbeförderung mit öffentlichen Verkehrsmitteln wie Bussen, U-Bahnen, Straßenbahnen und Zügen.;Autres émissions indirectes;Déplacements professionnels;3;émissions indirectes associées au transport;déplacements professionnels;autres émissions indirectes de ges;déplacements professionnels;LGHG23;LBCA23;LISO23;mobilité;transports publics
mobilité (passagers);Mobility (passengers);💼;Voiture;Car;🚗;Déplacement de passagers sur le réseau routier en voiture, taxis, covoiturage, voitures personnelles ou d'entreprise.;Passenger transport on the road network by car, taxi, car sharing, personal or company car.;Fahrgastfahrten auf dem Straßennetz mit Autos, Taxis, Fahrgemeinschaften, Privat- oder Firmenwagen.;Autres émissions indirectes;Déplacements professionnels;3;émissions indirectes associées au transport;déplacements professionnels;autres émissions indirectes de ges;déplacements professionnels;LGHG23;LBCA23;LISO23;mobilité;Voiture
mobilité (passagers);Mobility (passengers);🚌;aérien;Air transport;✈️;Déplacement par voie aérienne de passagers, incluant des vols commerciaux en classes économique, business, et first, ainsi que des vols en hélicoptère. ;Passenger travel by air, including commercial flights in economy, business and first class, as well as helicopter flights. ;Flugreisen von Passagieren, einschließlich gewerblicher Flüge in den Klassen Economy, Business und First sowie Hubschrauberflüge. ;Autres émissions indirectes;Transport et distribution en aval;3;émissions indirectes associées au transport;déplacements des visiteurs et des clients;autres émissions indirectes de ges;transport des visiteurs et des clients;LGHG23;LBCA23;LISO23;mobilité;aérien
mobilité (passagers);Mobility (passengers);🚌;Autocar / Bus urbain;Ship transport;🚌;Déplacements de passagers sur le réseau routier bus, navettes, autocars interurbains.;Passenger transport on the road network by bus, shuttle and intercity coach.;Fahrgastbeförderung im Straßenverkehr mit Bussen, Shuttles und Überlandbussen.;Autres émissions indirectes;Transport et distribution en aval;3;émissions indirectes associées au transport;déplacements des visiteurs et des clients;autres émissions indirectes de ges;transport des visiteurs et des clients;LGHG23;LBCA23;LISO23;mobilité;Autocar / Bus urbain
mobilité (passagers);Mobility (passengers);🚌;Bateau;Truck transport;⛴️;Déplacements de passagers sur le réseau routier bus, navettes, autocars interurbains.;Passenger transport on the road network: buses, shuttles, intercity coaches.;Personenverkehr auf der Straße Busse, Pendelbusse, Überlandbusse.;Autres émissions indirectes;Transport et distribution en aval;3;émissions indirectes associées au transport;déplacements des visiteurs et des clients;autres émissions indirectes de ges;transport des visiteurs et des clients;LGHG23;LBCA23;LISO23;mobilité;Bateau
mobilité (passagers);Mobility (passengers);🚌;combiné;Combined transport;🔄;Utilisation de plusieurs modes de transport pour le déplacement des passagers: transport routier, ferroviaire, fluvial, ou aérien, offrant une solution flexible et efficace pour des trajets nécessitant différentes options de déplacement, optimisant ainsi le temps de trajet et les coûts.;Use of several modes of transport for passenger travel: road, rail, river or air transport, offering a flexible and efficient solution for journeys requiring different travel options, thus optimising travel time and costs.;Nutzung mehrerer Verkehrsträger für die Beförderung von Passagieren: Straßen-, Schienen-, Binnenschifffahrts- oder Luftverkehr, die eine flexible und effiziente Lösung für Reisen bieten, die verschiedene Reiseoptionen erfordern, wodurch Reisezeit und Kosten optimiert werden.;Autres émissions indirectes;Transport et distribution en aval;3;émissions indirectes associées au transport;déplacements des visiteurs et des clients;autres émissions indirectes de ges;transport des visiteurs et des clients;LGHG23;LBCA23;LISO23;mobilité;combiné
mobilité (passagers);Mobility (passengers);🚌;E-Bike;E-Bike;🚴;Déplacements de passagers respectueux de l'environnement, incluant les trottinettes et vélo électriques.;Environmentally friendly passenger transport, including electric scooters and bicycles.;Umweltfreundliche Fahrten von Passagieren, einschließlich elektrischer Roller und Fahrräder.;Autres émissions indirectes;Transport et distribution en aval;3;émissions indirectes associées au transport;déplacements des visiteurs et des clients;autres émissions indirectes de ges;transport des visiteurs et des clients;LGHG23;LBCA23;LISO23;mobilité;mobilité douce
mobilité (passagers);Mobility (passengers);🚌;Hébergement / Evènement;Accommodation / Event;🏨;Activités associées aux déplacements des passagers, telles que l'hébergement en hôtel, le télétravail, les visioconférences et la participation à des événements nécessitant l'achat d'un ticket d'entrée.;Activities associated with passenger travel, such as hotel accommodation, teleworking, videoconferencing and participation in events requiring the purchase of an admission ticket.;Aktivitäten im Zusammenhang mit Flugreisen wie Hotelunterbringung, Telearbeit, Videokonferenzen und die Teilnahme an Veranstaltungen, für die Eintrittskarten gekauft werden müssen.;Autres émissions indirectes;Transport et distribution en aval;3;émissions indirectes associées au transport;déplacements des visiteurs et des clients;autres émissions indirectes de ges;transport des visiteurs et des clients;LGHG23;LBCA23;LISO23;mobilité;Hébergement / Evènement
mobilité (passagers);Mobility (passengers);🚌;mobilité douce;Soft mobility;🚶‍♂️;Modes de déplacement pour les passagers respectueux de l'environnement, incluant la marche, le vélo ainsi que les autres véhicules non motorisés en mobilité douce;Environmentally friendly modes of passenger transport, including walking, cycling and other non-motorised human-powered mobility vehicles;Umweltfreundliche Reisearten für Passagiere, einschließlich Gehen, Radfahren sowie andere nicht motorisierte Fahrzeuge in sanfter Mobilität.;Autres émissions indirectes;Transport et distribution en aval;3;émissions indirectes associées au transport;déplacements des visiteurs et des clients;autres émissions indirectes de ges;transport des visiteurs et des clients;LGHG23;LBCA23;LISO23;mobilité;mobilité douce
mobilité (passagers);Mobility (passengers);🚌;Moto/Scooter;Motorcycle / Scooter;🏍️;Déplacement de passagers sur le réseau routier en scooters et motos.;Passenger travel on the road network by scooter and motorbike.;Fahrgastbeförderung auf dem Straßennetz mit Rollern und Motorrädern.;Autres émissions indirectes;Transport et distribution en aval;3;émissions indirectes associées au transport;déplacements des visiteurs et des clients;autres émissions indirectes de ges;transport des visiteurs et des clients;LGHG23;LBCA23;LISO23;mobilité;Moto/Scooter
mobilité (passagers);Mobility (passengers);🚌;Train;Train transport;🚆;Déplacement de passagers par trains.;Passenger travel by train.;Beförderung von Fahrgästen mit Zügen.;Autres émissions indirectes;Transport et distribution en aval;3;émissions indirectes associées au transport;déplacements des visiteurs et des clients;autres émissions indirectes de ges;transport des visiteurs et des clients;LGHG23;LBCA23;LISO23;mobilité;Train
mobilité (passagers);Mobility (passengers);🚌;transports publics;Public transport;🚎;Déplacements de passagers utilisant des moyens de transport collectifs, tels que les bus, les métros, les tramways.;Passenger transport using public transport, such as buses, underground trains and trams.;Fahrgastbewegungen, die kollektive Verkehrsmittel wie Busse, U-Bahnen und Straßenbahnen nutzen.;Autres émissions indirectes;Transport et distribution en aval;3;émissions indirectes associées au transport;déplacements des visiteurs et des clients;autres émissions indirectes de ges;transport des visiteurs et des clients;LGHG23;LBCA23;LISO23;mobilité;transports publics
mobilité (passagers);Mobility (passengers);🚌;Voiture;Car;🚗;Déplacement de passagers sur le réseau routier en voiture, taxis, covoiturage, voitures personnelles ou d'entreprise.;Passenger transport on the road network by car, taxi, car sharing, personal or company car.;Personenbeförderung im Straßenverkehr mit Autos, Taxis, Fahrgemeinschaften, Privat- oder Firmenwagen.;Autres émissions indirectes;Transport et distribution en aval;3;émissions indirectes associées au transport;déplacements des visiteurs et des clients;autres émissions indirectes de ges;transport des visiteurs et des clients;LGHG23;LBCA23;LISO23;mobilité;Voiture
mobilité (passagers);Mobility (passengers);🚇;aérien;Air transport;✈️;Déplacement par voie aérienne de passagers, incluant des vols commerciaux en classes économique, business, et first, ainsi que des vols en hélicoptère. ;Passenger travel by air, including commercial flights in economy, business and first class, as well as helicopter flights. ;Flugreisen von Passagieren, einschließlich gewerblicher Flüge in den Klassen Economy, Business und First sowie Hubschrauberflüge. ;Autres émissions indirectes;Déplacements domicile-travail des employés;3;émissions indirectes associées au transport;déplacements domicile-travail;autres émissions indirectes de ges;déplacement domicile travail;LGHG23;LBCA23;LISO23;mobilité;aérien
mobilité (passagers);Mobility (passengers);🚇;Autocar / Bus urbain;Ship transport;🚌;Déplacements de passagers sur le réseau routier bus, navettes, autocars interurbains.;Passenger transport on the road network by bus, shuttle and intercity coach.;Personenverkehr auf Straßen mit Bussen, Shuttles und Überlandbussen.;Autres émissions indirectes;Déplacements domicile-travail des employés;3;émissions indirectes associées au transport;déplacements domicile-travail;autres émissions indirectes de ges;déplacement domicile travail;LGHG23;LBCA23;LISO23;mobilité;Autocar / Bus urbain
mobilité (passagers);Mobility (passengers);🚇;Bateau;Truck transport;⛴️;Déplacements de passagers sur le réseau routier bus, navettes, autocars interurbains.;Passenger transport on the road network: buses, shuttles, intercity coaches.;Personenverkehr auf dem Straßennetz Busse, Shuttles, Überlandbusse.;Autres émissions indirectes;Déplacements domicile-travail des employés;3;émissions indirectes associées au transport;déplacements domicile-travail;autres émissions indirectes de ges;déplacement domicile travail;LGHG23;LBCA23;LISO23;mobilité;Bateau
mobilité (passagers);Mobility (passengers);🚇;combiné;Combined transport;🔁;Utilisation de plusieurs modes de transport pour le déplacement des passagers: transport routier, ferroviaire, fluvial, ou aérien, offrant une solution flexible et efficace pour des trajets nécessitant différentes options de déplacement, optimisant ainsi le temps de trajet et les coûts.;Use of several modes of transport for passenger travel: road, rail, river or air transport, offering a flexible and efficient solution for journeys requiring different travel options, thus optimising journey time and costs.;Nutzung mehrerer Verkehrsträger für die Beförderung von Passagieren: Straßen-, Schienen-, Binnenschifffahrts- oder Luftverkehr, die eine flexible und effiziente Lösung für Strecken bieten, die verschiedene Reiseoptionen erfordern, wodurch Reisezeit und Kosten optimiert werden.;Autres émissions indirectes;Déplacements domicile-travail des employés;3;émissions indirectes associées au transport;déplacements domicile-travail;autres émissions indirectes de ges;déplacement domicile travail;LGHG23;LBCA23;LISO23;mobilité;transports publics
mobilité (passagers);Mobility (passengers);🚇;E-Bike;E-Bike;🚴;Modes de déplacement respectueux de l'environnement de passagers, incluant les trottinettes et vélo électriques.;Environmentally friendly modes of passenger transport, including electric scooters and bicycles.;Umweltfreundliche Fortbewegungsarten von Fahrgästen, einschließlich elektrischer Roller und Fahrräder.;Autres émissions indirectes;Déplacements domicile-travail des employés;3;émissions indirectes associées au transport;déplacements domicile-travail;autres émissions indirectes de ges;déplacement domicile travail;LGHG23;LBCA23;LISO23;mobilité;mobilité douce
mobilité (passagers);Mobility (passengers);🚇;Hébergement / Evènement;Accommodation / Event;🏨;Activités associées aux déplacements des passagers, telles que l'hébergement en hôtel, le télétravail, les visioconférences et la participation à des événements nécessitant l'achat d'un ticket d'entrée.;Activities associated with passenger travel, such as hotel accommodation, teleworking, videoconferencing and participation in events requiring the purchase of an admission ticket.;Aktivitäten im Zusammenhang mit Flugreisen wie Hotelunterbringung, Telearbeit, Videokonferenzen und die Teilnahme an Veranstaltungen, für die Eintrittskarten gekauft werden müssen.;Autres émissions indirectes;Déplacements domicile-travail des employés;3;émissions indirectes associées au transport;déplacements domicile-travail;autres émissions indirectes de ges;déplacement domicile travail;LGHG23;LBCA23;LISO23;mobilité;Hébergement / Evènement
mobilité (passagers);Mobility (passengers);🚇;mobilité douce;Soft mobility;🚶‍♂️;Modes de déplacement pour les passagers respectueux de l'environnement, incluant la marche, le vélo ainsi que les autres véhicules non motorisés en mobilité douce;Environmentally friendly modes of passenger transport, including walking, cycling and other non-motorised human-powered mobility vehicles;Umweltfreundliche Reisemöglichkeiten für Fahrgäste, einschließlich Gehen, Radfahren und andere nicht motorisierte Fahrzeuge im Rahmen der sanften Mobilität;Autres émissions indirectes;Déplacements domicile-travail des employés;3;émissions indirectes associées au transport;déplacements domicile-travail;autres émissions indirectes de ges;déplacement domicile travail;LGHG23;LBCA23;LISO23;mobilité;mobilité douce
mobilité (passagers);Mobility (passengers);🚇;Moto/Scooter;Motorcycle / Scooter;🏍️;Déplacement des passagers sur le réseau routier en scooters et motos.;Passenger travel on the road network by scooter and motorbike.;Beförderung von Passagieren auf dem Straßennetz mit Rollern und Motorrädern.;Autres émissions indirectes;Déplacements domicile-travail des employés;3;émissions indirectes associées au transport;déplacements domicile-travail;autres émissions indirectes de ges;déplacement domicile travail;LGHG23;LBCA23;LISO23;mobilité;Moto/Scooter
mobilité (passagers);Mobility (passengers);🚇;Train;Train transport;🚆;Déplacement de passagers par trains.;Passenger travel by train.;Beförderung von Fahrgästen mit Zügen.;Autres émissions indirectes;Déplacements domicile-travail des employés;3;émissions indirectes associées au transport;déplacements domicile-travail;autres émissions indirectes de ges;déplacement domicile travail;LGHG23;LBCA23;LISO23;mobilité;Train
mobilité (passagers);Mobility (passengers);🚇;transports publics;Public transport;🚎;Déplacement de passagers utilisant des moyens de transport collectifs, tels que les bus, les métros, les tramways, et les trains.;Passenger transport using public transport, such as buses, underground trains, trams and trains.;Fahrgastbewegungen, die mit öffentlichen Verkehrsmitteln wie Bussen, U-Bahnen, Straßenbahnen und Zügen durchgeführt werden.;Autres émissions indirectes;Déplacements domicile-travail des employés;3;émissions indirectes associées au transport;déplacements domicile-travail;autres émissions indirectes de ges;déplacement domicile travail;LGHG23;LBCA23;LISO23;mobilité;transports publics
mobilité (passagers);Mobility (passengers);🚇;Voiture;Car;🚗;Déplacement de passagers sur le réseau routier en voiture, taxis, covoiturage, voitures personnelles ou d'entreprise.;Passenger transport on the road network by car, taxi, car sharing, personal or company car.;Fahrgastbeförderung im Straßenverkehr mit Pkw, Taxis, Fahrgemeinschaften, Privat- oder Firmenwagen.;Autres émissions indirectes;Déplacements domicile-travail des employés;3;émissions indirectes associées au transport;déplacements domicile-travail;autres émissions indirectes de ges;déplacement domicile travail;LGHG23;LBCA23;LISO23;mobilité;Voiture
mobilité (passagers);Mobility (passengers);🚌;aérien;Air transport;✈️;Déplacement par voie aérienne de passagers, incluant des vols commerciaux en classes économique, business, et first, ainsi que des vols en hélicoptère. ;Passenger travel by air, including commercial flights in economy, business and first class, as well as helicopter flights. ;Flugreisen von Passagieren, einschließlich gewerblicher Flüge in den Klassen Economy, Business und First sowie Hubschrauberflüge. ;Autres émissions indirectes;Transport et distribution en aval;3;émissions indirectes associées au transport;déplacements des visiteurs et des clients;autres émissions indirectes de ges;transport des visiteurs et des clients;mobilité (passagers);aérien;LISO23;mobilité;aérien
mobilité (passagers);Mobility (passengers);🚌;Autocar / Bus urbain;Ship transport;🚌;Déplacements de passagers sur le réseau routier bus, navettes, autocars interurbains.;Passenger transport on the road network by bus, shuttle and intercity coach.;Fahrgastbeförderung im Straßenverkehr mit Bussen, Shuttles und Überlandbussen.;Autres émissions indirectes;Transport et distribution en aval;3;émissions indirectes associées au transport;déplacements des visiteurs et des clients;autres émissions indirectes de ges;transport des visiteurs et des clients;mobilité (passagers);Autocar / Bus urbain;LISO23;mobilité;Autocar / Bus urbain
mobilité (passagers);Mobility (passengers);🚌;Bateau;Truck transport;⛴️;Déplacements de passagers sur le réseau routier bus, navettes, autocars interurbains.;Passenger transport on the road network: buses, shuttles, intercity coaches.;Personenverkehr auf der Straße Busse, Pendelbusse, Überlandbusse.;Autres émissions indirectes;Transport et distribution en aval;3;émissions indirectes associées au transport;déplacements des visiteurs et des clients;autres émissions indirectes de ges;transport des visiteurs et des clients;mobilité (passagers);Bateau;LISO23;mobilité;Bateau
mobilité (passagers);Mobility (passengers);🚌;combiné;Combined transport;🔄;Utilisation de plusieurs modes de transport pour le déplacement des passagers: transport routier, ferroviaire, fluvial, ou aérien, offrant une solution flexible et efficace pour des trajets nécessitant différentes options de déplacement, optimisant ainsi le temps de trajet et les coûts.;Use of several modes of transport for passenger travel: road, rail, river or air transport, offering a flexible and efficient solution for journeys requiring different travel options, thus optimising travel time and costs.;Nutzung mehrerer Verkehrsträger für die Beförderung von Passagieren: Straßen-, Schienen-, Binnenschifffahrts- oder Luftverkehr, die eine flexible und effiziente Lösung für Reisen bieten, die verschiedene Reiseoptionen erfordern, wodurch Reisezeit und Kosten optimiert werden.;Autres émissions indirectes;Transport et distribution en aval;3;émissions indirectes associées au transport;déplacements des visiteurs et des clients;autres émissions indirectes de ges;transport des visiteurs et des clients;mobilité (passagers);combiné;LISO23;mobilité;combiné
mobilité (passagers);Mobility (passengers);🚌;E-Bike;E-Bike;🚴;Déplacements de passagers respectueux de l'environnement, incluant les trottinettes et vélo électriques.;Environmentally friendly passenger transport, including electric scooters and bicycles.;Umweltfreundliche Fahrten von Passagieren, einschließlich elektrischer Roller und Fahrräder.;Autres émissions indirectes;Transport et distribution en aval;3;émissions indirectes associées au transport;déplacements des visiteurs et des clients;autres émissions indirectes de ges;transport des visiteurs et des clients;mobilité (passagers);mobilité douce;LISO23;mobilité;E-Bike
mobilité (passagers);Mobility (passengers);🚌;Hébergement / Evènement;Accommodation / Event;🏨;Activités associées aux déplacements des passagers, telles que l'hébergement en hôtel, le télétravail, les visioconférences et la participation à des événements nécessitant l'achat d'un ticket d'entrée.;Activities associated with passenger travel, such as hotel accommodation, teleworking, videoconferencing and participation in events requiring the purchase of an admission ticket.;Aktivitäten im Zusammenhang mit Flugreisen wie Hotelunterbringung, Telearbeit, Videokonferenzen und die Teilnahme an Veranstaltungen, für die Eintrittskarten gekauft werden müssen.;Autres émissions indirectes;Transport et distribution en aval;3;émissions indirectes associées au transport;déplacements des visiteurs et des clients;autres émissions indirectes de ges;transport des visiteurs et des clients;mobilité (passagers);Hébergement / Evènement;LISO23;mobilité;Hébergement / Evènement
mobilité (passagers);Mobility (passengers);🚌;mobilité douce;Soft mobility;🚶‍♂️;Modes de déplacement pour les passagers respectueux de l'environnement, incluant la marche, le vélo ainsi que les autres véhicules non motorisés en mobilité douce;Environmentally friendly modes of passenger transport, including walking, cycling and other non-motorised human-powered mobility vehicles;Umweltfreundliche Reisearten für Passagiere, einschließlich Gehen, Radfahren sowie andere nicht motorisierte Fahrzeuge in sanfter Mobilität.;Autres émissions indirectes;Transport et distribution en aval;3;émissions indirectes associées au transport;déplacements des visiteurs et des clients;autres émissions indirectes de ges;transport des visiteurs et des clients;mobilité (passagers);mobilité douce;LISO23;mobilité;mobilité douce
mobilité (passagers);Mobility (passengers);🚌;Moto/Scooter;Motorcycle / Scooter;🏍️;Déplacement de passagers sur le réseau routier en scooters et motos.;Passenger travel on the road network by scooter and motorbike.;Fahrgastbeförderung auf dem Straßennetz mit Rollern und Motorrädern.;Autres émissions indirectes;Transport et distribution en aval;3;émissions indirectes associées au transport;déplacements des visiteurs et des clients;autres émissions indirectes de ges;transport des visiteurs et des clients;mobilité (passagers);Moto/Scooter;LISO23;mobilité;Moto/Scooter
mobilité (passagers);Mobility (passengers);🚌;Train;Train transport;🚆;Déplacement de passagers par trains.;Passenger travel by train.;Beförderung von Fahrgästen mit Zügen.;Autres émissions indirectes;Transport et distribution en aval;3;émissions indirectes associées au transport;déplacements des visiteurs et des clients;autres émissions indirectes de ges;transport des visiteurs et des clients;mobilité (passagers);Train;LISO23;mobilité;Train
mobilité (passagers);Mobility (passengers);🚌;transports publics;Public transport;🚎;Déplacements de passagers utilisant des moyens de transport collectifs, tels que les bus, les métros, les tramways.;Passenger transport using public transport, such as buses, underground trains and trams.;Fahrgastbewegungen, die kollektive Verkehrsmittel wie Busse, U-Bahnen und Straßenbahnen nutzen.;Autres émissions indirectes;Transport et distribution en aval;3;émissions indirectes associées au transport;déplacements des visiteurs et des clients;autres émissions indirectes de ges;transport des visiteurs et des clients;mobilité (passagers);transports publics;LISO23;mobilité;transports publics
mobilité (passagers);Mobility (passengers);🚌;Voiture;Car;🚗;Déplacement de passagers sur le réseau routier en voiture, taxis, covoiturage, voitures personnelles ou d'entreprise.;Passenger transport on the road network by car, taxi, car sharing, personal or company car.;Personenbeförderung im Straßenverkehr mit Autos, Taxis, Fahrgemeinschaften, Privat- oder Firmenwagen.;Autres émissions indirectes;Transport et distribution en aval;3;émissions indirectes associées au transport;déplacements des visiteurs et des clients;autres émissions indirectes de ges;transport des visiteurs et des clients;mobilité (passagers);Voiture;LISO23;mobilité;Voiture
process et émissions fugitives;Process and fugitive emissions;💨;agriculture;Agriculture;🌾;Cette catégorie englobe les émissions de gaz à effet de serre (GES) résultant des activités agricoles, y compris l'élevage, la culture des sols, l'utilisation d'engrais et la gestion du fumier. Elle inclut les émissions de méthane (CH4) provenant de la fermentation entérique des ruminants et de la gestion du fumier, ainsi que les émissions de protoxyde d'azote (N2O) provenant des sols agricoles et de l'utilisation d'engrais. Les informations relatives aux pratiques agricoles durables, aux technologies de réduction des émissions et aux politiques agricoles sont pertinentes pour cette catégorie.;This category encompasses greenhouse gas (GHG) emissions resulting from agricultural activities, including livestock farming, soil cultivation, fertiliser use and manure management. It includes methane (CH4) emissions from enteric fermentation in ruminants and manure management, as well as nitrous oxide (N2O) emissions from agricultural soils and fertiliser use. Information on sustainable agricultural practices, emission reduction technologies and agricultural policies is relevant to this category.;Diese Kategorie umfasst die Treibhausgasemissionen (THG) aus landwirtschaftlichen Aktivitäten, einschließlich Viehzucht, Bodenbearbeitung, Düngemitteleinsatz und Dungmanagement. Sie umfasst Methanemissionen (CH4) aus der enterischen Fermentation von Wiederkäuern und dem Dungmanagement sowie Lachgasemissionen (N2O) aus landwirtschaftlich genutzten Böden und dem Einsatz von Düngemitteln. Informationen über nachhaltige landwirtschaftliche Praktiken, emissionsmindernde Technologien und Agrarpolitik sind für diese Kategorie relevant.;Émissions directes;Émissions de l'agriculture, de la foresterie et d'autres utilisations des terres (AFOLU);1;émissions directes de ges;émissions issues de la biomasse (sols et forêts);émissions directes de ges;émissions issues de la biomasse (sols et forêts);LGHG21;LBCA21;LISO21;énergie;agriculture
process et émissions fugitives;Process and fugitive emissions;💨;potentiel de réchauffement global;Global warming potential;📉;Cette catégorie se concentre sur les données relatives au potentiel de réchauffement global (PRG) des différents GES, telles qu'elles sont évaluées dans le 6ème rapport d'évaluation du Groupe d'experts intergouvernemental sur l'évolution du climat (GIEC). Elle inclut les valeurs de PRG à 100 ans pour chaque GES, qui permettent de comparer leur impact relatif sur le changement climatique. Les informations relatives aux méthodologies d'évaluation du PRG, aux incertitudes associées et aux implications politiques des valeurs de PRG sont pertinentes pour cette catégorie.;This category focuses on data relating to the global warming potential (GWP) of the various GHGs, as assessed in the 6th Assessment Report of the Intergovernmental Panel on Climate Change (IPCC). It includes the 100-year GWP values for each GHG, which allow for comparison of their relative impact on climate change. Information relating to GWP assessment methodologies, associated uncertainties and policy implications of GWP values is relevant to this category.;Diese Kategorie konzentriert sich auf Daten zum Treibhauspotenzial (GWP) der verschiedenen Treibhausgase, wie sie im sechsten Sachstandsbericht des Zwischenstaatlichen Ausschusses für Klimaänderungen (IPCC) bewertet werden. Sie enthält die GWP-Werte für 100 Jahre für jedes THG, die einen Vergleich ihrer relativen Auswirkungen auf den Klimawandel ermöglichen. Informationen über die GWP-Bewertungsmethoden, die damit verbundenen Unsicherheiten und die politischen Implikationen der GWP-Werte sind für diese Kategorie relevant.;Émissions directes;Émissions fugitives;1;émissions directes de ges;émissions directes fugitives;émissions directes de ges;émissions directes fugitives;LGHG21;LBCA21;LISO21;énergie;potentiel de réchauffement global
process et émissions fugitives;Process and fugitive emissions;💨;process industriels;Industrial processes;🏭;Cette catégorie englobe les émissions de GES provenant des activités industrielles, y compris la production de ciment, la production de produits chimiques, la production de métaux et l'utilisation de gaz fluorés. Elle inclut les émissions de dioxyde de carbone (CO2) provenant de la calcination du calcaire dans la production de ciment, ainsi que les émissions de gaz fluorés provenant des systèmes de réfrigération et de climatisation. Les informations relatives aux technologies de réduction des émissions industrielles, aux pratiques de production durables et aux politiques industrielles sont pertinentes pour cette catégorie.;This category encompasses GHG emissions from industrial activities, including cement production, chemical production, metal production and the use of fluorinated gases. It includes carbon dioxide (CO2) emissions from the calcination of limestone in cement production, as well as fluorinated gas emissions from refrigeration and air conditioning systems. Information relating to technologies for the reduction of industrial emissions, sustainable production practices and industrial policies is relevant to this category.;Diese Kategorie umfasst THG-Emissionen aus industriellen Aktivitäten, einschließlich der Zementproduktion, der Produktion von Chemikalien, der Metallproduktion und der Verwendung von fluorierten Gasen. Sie umfasst Kohlendioxidemissionen (CO2) aus der Kalzinierung von Kalkstein bei der Zementherstellung sowie Emissionen von fluorierten Gasen aus Kühl- und Klimaanlagen. Informationen über Technologien zur Reduzierung von Industrieemissionen, nachhaltige Produktionsverfahren und Industriepolitik sind für diese Kategorie relevant.;Émissions directes;Émissions de procédés industriels;1;émissions directes de ges;émissions directes des procédés hors énergie;émissions directes de ges;émissions directes des procédés hors énergie;LGHG21;LBCA21;LISO21;énergie;process industriels
traitement des déchets;Waste treatment;🗑️;commerciaux et industriels;Commercial and industrial;📈;Cette catégorie regroupe les émissions de GES résultant du traitement des déchets spécifiques liés à une activité économique (dangereux, bâtiment, plastiques, piles) générés par les activités de production, distribution et consommation. Elle inclut les moyennes de production par secteur pour optimiser la gestion des déchets et réduire les émissions de GES.;This category covers GHG emissions resulting from the treatment of specific waste related to an economic activity (hazardous, construction, plastics, batteries) generated by production, distribution and consumption activities. It includes sector-specific production averages to optimise waste management and reduce GHG emissions.;Diese Kategorie umfasst die THG-Emissionen, die durch die Behandlung spezifischer, mit einer Wirtschaftstätigkeit verbundener Abfälle (Sondermüll, Gebäude, Kunststoffe, Batterien) entstehen, die bei der Produktion, dem Vertrieb und dem Verbrauch anfallen. Sie umfasst branchenspezifische Produktionsdurchschnitte, um das Abfallmanagement zu optimieren und die THG-Emissionen zu reduzieren.;Autres émissions indirectes;Déchets générés dans les opérations;3;émissions indirectes associées aux produits achetés;gestion des déchets;autres émissions indirectes de ges;déchets;LGHG23;LBCA24;LISO23;traitement des déchets;activités economiques
traitement des déchets;Waste treatment;🗑️;eaux usées;Wastewater;💧;Eaux provenant de l'activité domestique, industrielle ou agricole, contenant divers polluants. Cela inclut les eaux de vidange, les eaux grises issues de l'usage domestique (comme les eaux de douche ou de lavage), et les effluents industriels. Ces eaux nécessitent un traitement spécifique avant d'être rejetées dans l'environnement, afin de minimiser leur impact sur les écosystèmes.;Wastewater from domestic, industrial or agricultural activity, containing various pollutants. This includes sewage, greywater from domestic use (such as shower or washing water), and industrial effluents. This wastewater requires specific treatment before being released into the environment, in order to minimise its impact on ecosystems.;Wasser aus häuslichen, industriellen oder landwirtschaftlichen Aktivitäten, das verschiedene Schadstoffe enthält. Dazu gehören Abwasser, graues Wasser aus dem häuslichen Gebrauch (wie Dusch- oder Waschwasser) und Industrieabwässer. Dieses Wasser muss vor der Einleitung in die Umwelt speziell behandelt werden, um seine Auswirkungen auf die Ökosysteme zu minimieren.;Autres émissions indirectes;Déchets générés dans les opérations;3;émissions indirectes associées aux produits achetés;gestion des déchets;autres émissions indirectes de ges;déchets;LGHG23;LBCA24;LISO23;traitement des déchets;eaux usées
traitement des déchets;Waste treatment;🗑️;équipements électriques;Electrical equipment;🔩;;;;Autres émissions indirectes;Déchets générés dans les opérations;3;émissions indirectes associées aux produits achetés;gestion des déchets;autres émissions indirectes de ges;déchets;LGHG23;LBCA24;LISO23;traitement des déchets;autres
traitement des déchets;Waste treatment;🗑️;ménages et assimilés;Households and similar;🪟;Déchets générés par les ménages au quotidien. Cela inclut les restes alimentaires, les emballages, les déchets plastiques, le verre, le papier, et les objets cassés. Ces déchets sont collectés régulièrement pour être traités, recyclés, ou éliminés, selon leur nature, afin de réduire leur impact environnemental.;Waste generated by households on a daily basis. This includes food scraps, packaging, plastic waste, glass, paper, and broken objects. This waste is collected regularly to be treated, recycled, or disposed of, depending on its nature, in order to reduce its environmental impact.;Abfall, der von Haushalten im Alltag erzeugt wird. Dazu gehören Speisereste, Verpackungen, Kunststoffabfälle, Glas, Papier und zerbrochene Gegenstände. Diese Abfälle werden regelmäßig eingesammelt und je nach Art verarbeitet, recycelt oder entsorgt, um ihre Auswirkungen auf die Umwelt zu verringern.;Autres émissions indirectes;Déchets générés dans les opérations;3;émissions indirectes associées aux produits achetés;gestion des déchets;autres émissions indirectes de ges;déchets;LGHG23;LBCA24;LISO23;traitement des déchets;ménages et assimilés
traitement des déchets;Waste treatment;🗑️;métal;Metal;⚙️;;;;Autres émissions indirectes;Déchets générés dans les opérations;3;émissions indirectes associées aux produits achetés;gestion des déchets;autres émissions indirectes de ges;déchets;LGHG23;LBCA24;LISO23;traitement des déchets;métal
traitement des déchets;Waste treatment;🗑️;organiques;Organic materials;🍃;Matériaux biodégradables issus de diverses activités. Cela inclut des déchets alimentaires, des déchets verts (tels que les résidus de jardinage), ainsi que des cartons et papiers. Ces déchets sont généralement compostables et peuvent être valorisés pour produire du compost ou de l'énergie via la méthanisation.;Biodegradable materials from various activities. This includes food waste, green waste (such as garden waste), as well as cardboard and paper. This waste is generally compostable and can be recycled to produce compost or energy via methanisation.;Biologisch abbaubare Materialien, die aus verschiedenen Aktivitäten stammen. Dazu gehören Lebensmittelabfälle, Grünabfälle (z. B. Gartenabfälle) sowie Karton und Papier. Diese Abfälle sind in der Regel kompostierbar und können zur Erzeugung von Kompost oder Energie durch Methanisierung verwertet werden.;Autres émissions indirectes;Déchets générés dans les opérations;3;émissions indirectes associées aux produits achetés;gestion des déchets;autres émissions indirectes de ges;déchets;LGHG23;LBCA24;LISO23;traitement des déchets;déchets organiques
traitement des déchets;Waste treatment;🗑️;papier et carton;Paper and cardboard;📄;;;;Autres émissions indirectes;Déchets générés dans les opérations;3;émissions indirectes associées aux produits achetés;gestion des déchets;autres émissions indirectes de ges;déchets;LGHG23;LBCA24;LISO23;traitement des déchets;recyclable
traitement des déchets;Waste treatment;🗑️;piles et accumulateurs;Batteries and accumulators;🔋;;;;Autres émissions indirectes;Déchets générés dans les opérations;3;émissions indirectes associées aux produits achetés;gestion des déchets;autres émissions indirectes de ges;déchets;LGHG23;LBCA24;LISO23;traitement des déchets;autres
traitement des déchets;Waste treatment;🗑️;plastiques;Plastics;🧼;;;;Autres émissions indirectes;Déchets générés dans les opérations;3;émissions indirectes associées aux produits achetés;gestion des déchets;autres émissions indirectes de ges;déchets;LGHG23;LBCA24;LISO23;traitement des déchets;recyclable
traitement des déchets;Waste treatment;🗑️;process et émissions fugitives;Fugitive process emissions;🌫️;Cette catégorie regroupe les émissions de GES provenant de la gestion des déchets solides et liquides, y compris les décharges, les stations d'épuration des eaux usées et le compostage. Elle inclut les émissions de méthane (CH4) provenant de la décomposition anaérobie des déchets organiques dans les décharges, ainsi que les émissions de protoxyde d'azote (N2O) provenant des eaux usées. Les informations relatives aux technologies de traitement des déchets, à la valorisation énergétique des déchets et aux politiques de gestion des déchets sont pertinentes pour cette catégorie.;This category includes GHG emissions from solid and liquid waste management, including landfills, wastewater treatment plants and composting. It includes methane (CH4) emissions from the anaerobic decomposition of organic waste in landfills, as well as nitrous oxide (N2O) emissions from wastewater. Information relating to waste treatment technologies, energy recovery from waste and waste management policies is relevant to this category.;Diese Kategorie umfasst die THG-Emissionen aus der Bewirtschaftung von festen und flüssigen Abfällen, einschließlich Deponien, Kläranlagen und Kompostierung. Sie umfasst Methanemissionen (CH4) aus der anaeroben Zersetzung organischer Abfälle auf Deponien sowie Lachgasemissionen (N2O) aus dem Abwasser. Für diese Kategorie sind Informationen über Abfallbehandlungstechnologien, die energetische Verwertung von Abfällen und die Abfallbewirtschaftungspolitik relevant.;Émissions directes;Émissions fugitives;1;émissions directes de ges;émissions directes fugitives;émissions directes de ges;émissions directes fugitives;LGHG21;LBCA21;LISO21;énergie;déchets
traitement des déchets;Waste treatment;🗑️;textiles;Textiles;🧵;;;;Autres émissions indirectes;Déchets générés dans les opérations;3;émissions indirectes associées aux produits achetés;gestion des déchets;autres émissions indirectes de ges;déchets;LGHG23;LBCA24;LISO23;traitement des déchets;autres
traitement des déchets;Waste treatment;🗑️;verre;Glass;🍾;;;;Autres émissions indirectes;Déchets générés dans les opérations;3;émissions indirectes associées aux produits achetés;gestion des déchets;autres émissions indirectes de ges;déchets;LGHG23;LBCA24;LISO23;traitement des déchets;recyclable
utilisation d'électricité;Use of electricity;⚡;électricité pour les véhicules électriques;Electricity for electric vehicles;🚗;Consommation d'électricité provenant de sources variées et utilisée pour recharger les véhicules électriques;Electricity consumption from various sources and used to recharge electric vehicles;Verbrauch von Strom aus verschiedenen Quellen, der zum Aufladen von Elektrofahrzeugen verwendet wird;Émissions indirectes liées à l'énergie;Électricité achetée et consommée;2;émissions indirectes associées à l'énergie;émissions indirectes liées à la consommation d'électricité;émissions de ges à énergie indirecte;émissions indirectes liées à la consommation d'électricité;LGHG22;LBCA22;LISO22;énergie;électricité pour les véhicules électriques
utilisation d'électricité;Use of electricity;⚡;renouvelables;Renewables;🌍;Consommation d'électricité produite à partir de sources renouvelables, telles que l'énergie solaire, éolienne, hydraulique, ou géothermique. Cette électricité est générée de manière durable, minimisant l'impact environnemental;Consumption of electricity produced from renewable sources, such as solar, wind, hydro or geothermal energy. This electricity is generated in a sustainable manner, minimising the environmental impact.;Verbrauch von Strom, der aus erneuerbaren Quellen wie Solar-, Wind-, Wasser- oder geothermischer Energie erzeugt wird. Dieser Strom wird auf nachhaltige Weise erzeugt, wodurch die Auswirkungen auf die Umwelt minimiert werden.;Émissions indirectes liées à l'énergie;Électricité achetée et consommée;2;émissions indirectes associées à l'énergie;émissions indirectes liées à la consommation d'électricité;émissions de ges à énergie indirecte;émissions indirectes liées à la consommation d'électricité;LGHG22;LBCA22;LISO22;énergie;renouvelables
utilisation d'électricité;Use of electricity;⚡;standard;Standard;🔌;Consommation d'électricité provenant de sources variées, incluant des énergies fossiles (charbon, gaz, pétrole) ainsi que des énergies renouvelables, sans distinction spécifique.;Consumption of electricity from various sources, including fossil fuels (coal, gas, oil) and renewable energy, without specific distinction.;Verbrauch von Strom aus verschiedenen Quellen, einschließlich fossiler Energieträger (Kohle, Gas, Öl) sowie erneuerbarer Energieträger, ohne spezifische Unterscheidung.;Émissions indirectes liées à l'énergie;Électricité achetée et consommée;2;émissions indirectes associées à l'énergie;émissions indirectes liées à la consommation d'électricité;émissions de ges à énergie indirecte;émissions indirectes liées à la consommation d'électricité;LGHG22;LBCA22;LISO22;énergie;standard
